<?xml version="1.0" encoding="UTF-8"?>
<project-private xmlns="http://www.netbeans.org/ns/project-private/1">
    <editor-bookmarks xmlns="http://www.netbeans.org/ns/editor-bookmarks/2" lastBookmarkId="0"/>
    <open-files xmlns="http://www.netbeans.org/ns/projectui-open-files/2">
        <group>
            <file>file:/C:/Users/ghofr/OneDrive/Documents/NetBeansProjects/pi1-2/src/entities/Participation.java</file>
            <file>file:/C:/Users/ghofr/OneDrive/Documents/NetBeansProjects/pi1-2/src/gui/Sign.fxml</file>
            <file>file:/C:/Users/ghofr/OneDrive/Documents/NetBeansProjects/pi1-2/src/gui/TableViewController.java</file>
            <file>file:/C:/Users/ghofr/OneDrive/Documents/NetBeansProjects/pi1-2/src/gui/SignInPage.java</file>
            <file>file:/C:/Users/ghofr/OneDrive/Documents/NetBeansProjects/pi1-2/src/gui/Registration.fxml</file>
            <file>file:/C:/Users/ghofr/OneDrive/Documents/NetBeansProjects/pi1-2/src/entities/Evenement.java</file>
            <file>file:/C:/Users/ghofr/OneDrive/Documents/NetBeansProjects/pi1-2/src/gui/RegistrationController.java</file>
            <file>file:/C:/Users/ghofr/OneDrive/Documents/NetBeansProjects/pi1-2/src/gui/SignController.java</file>
            <file>file:/C:/Users/ghofr/OneDrive/Documents/NetBeansProjects/pi1-2/src/gui/SignUpPage.java</file>
            <file>file:/C:/Users/ghofr/OneDrive/Documents/NetBeansProjects/pi1-2/src/services/CodePromoCRUD.java</file>
            <file>file:/C:/Users/ghofr/OneDrive/Documents/NetBeansProjects/pi1-2/src/entities/CodePromo.java</file>
            <file>file:/C:/Users/ghofr/OneDrive/Documents/NetBeansProjects/pi1-2/src/tests/MainCodePromo.java</file>
            <file>file:/C:/Users/ghofr/OneDrive/Documents/NetBeansProjects/pi1-2/src/services/IUserCRUD.java</file>
            <file>file:/C:/Users/ghofr/OneDrive/Documents/NetBeansProjects/pi1-2/src/tests/MainClass.java</file>
            <file>file:/C:/Users/ghofr/OneDrive/Documents/NetBeansProjects/pi1-2/src/entities/User.java</file>
            <file>file:/C:/Users/ghofr/OneDrive/Documents/NetBeansProjects/pi1-2/src/tests/Main.java</file>
            <file>file:/C:/Users/ghofr/OneDrive/Documents/NetBeansProjects/pi1-2/src/gui/Home.java</file>
            <file>file:/C:/Users/ghofr/OneDrive/Documents/NetBeansProjects/pi1-2/src/services/UserCRUD.java</file>
            <file>file:/C:/Users/ghofr/OneDrive/Documents/NetBeansProjects/pi1-2/src/Utils/MyConnection.java</file>
            <file>file:/C:/Users/ghofr/OneDrive/Documents/NetBeansProjects/pi1-2/src/gui/TableView.fxml</file>
            <file>file:/C:/Users/ghofr/OneDrive/Documents/NetBeansProjects/pi1-2/src/tests/UserTest.java</file>
        </group>
    </open-files>
</project-private>
